FOM Report : signed speedup(-)/slowdown(+) for each PM (base vs. RAJA) -> (T_RAJA - T_base) / T_base ) ,  ,  ,  , 
'OVER_TOL' in column to right if RAJA speedup is over tolerance ,  ,  ,  , 
Kernel             , Base_Seq-default,         , RAJA_Seq-default,        
Basic_DAXPY        , 0               ,base_ref , -0.0077         ,        
Polybench_GESUMMV  , 0               ,base_ref , 0.037           ,        
                   ,                 ,         ,                 ,        
Col Min            , 0               ,         , -0.0077         ,        
Col Max            , 0               ,         , 0.037           ,        
Col Avg            , 0               ,         , 0.015           ,        
Col Std Dev        , 0               ,         , 0.0005          ,        
